Modell,Verfahren,Train F1-Macro,CV F1-Macro,CV F1-Streuung,CV Accuracy
HistGradientBoosting,Hyperopt,0.886003792714096,0.8013653457580343,0.012713928454226682,0.8617740906190171
HistGradientBoosting,Randomized Search,0.9050172851116723,0.8004794136653788,0.012212845435182054,0.8592852584556476
HistGradientBoosting,Grid Search,0.8794919073200592,0.7992748625991088,0.010270657746613199,0.8608168474792597
HistGradientBoosting,Ohne Tuning,0.9390887023464343,0.7968018843082179,0.013129888469058644,0.8575622208040841
LogisticRegression,Hyperopt,0.769921866374362,0.7673487394343207,0.01028506433223805,0.8525845564773453
LogisticRegression,Randomized Search,0.7698418112942712,0.7671986602099665,0.010516206004423583,0.8526483726866623
LogisticRegression,Grid Search,0.7698663509729541,0.7671195126677903,0.01059132482920273,0.852520740268028
LogisticRegression,Ohne Tuning,0.7690420588470028,0.7665788442801099,0.010040422750024038,0.8522016592214422
RandomForest,Grid Search,1.0,0.7442657560137186,0.01165145856744028,0.8376515634971282
RandomForest,Ohne Tuning,0.9999780422431825,0.739878929146391,0.00993193366204907,0.83446075303127
KNN,Grid Search,1.0,0.7370674972603387,0.009156851693414176,0.8328015315890236
KNN,Hyperopt,1.0,0.7367182580718943,0.010098572978662387,0.8342054881940013
RandomForest,Hyperopt,0.9824209414815698,0.735546045262301,0.006084669621622739,0.8344607530312699
KNN,Randomized Search,1.0,0.7332540796981327,0.011077971055359143,0.8388640714741544
KNN,Ohne Tuning,0.8061097569802979,0.7259828921442594,0.006376215815212505,0.8095724313975751
RandomForest,Randomized Search,0.8631380063900101,0.7170857099745225,0.009082759586905305,0.8278876834716019
