iter	MultiClass
0	1.278775031
1	1.186047402
2	1.111763412
3	1.050628551
4	0.9974416731
5	0.9530553058
6	0.9129764397
7	0.878129782
8	0.847421287
9	0.8194998428
10	0.7920217178
11	0.7650176458
12	0.7435425184
13	0.7229823968
14	0.7029567567
15	0.6848673884
16	0.6669770829
17	0.6523316331818	0.637712926119	0.624468307
20	0.6183563845
21	0.6061058641
22	0.5956290829
23	0.585352002
24	0.5768305324
25	0.5684535549
26	0.5594841359
27	0.5519567123
28	0.544878895
29	0.5376861546
30	0.5299915143
31	0.5239032152
32	0.5173250467
33	0.5111112133
34	0.5060301563
35	0.4999406324
36	0.4953624099
37	0.4900575711
38	0.4846990365
39	0.4798391466
40	0.4722187642
41	0.4679848163
42	0.4645905578
43	0.4615252455
44	0.4574355967
45	0.4534867929
46	0.449915756
47	0.4474345089
48	0.444001838
49	0.4404106909
50	0.437179954
51	0.4340699763
52	0.4315480383
53	0.4281114664
54	0.425266821
55	0.4222491593
56	0.4203138499
57	0.4181871744
58	0.4161535558
59	0.4140176897
60	0.4119702002
61	0.4093500538
62	0.4078147013
63	0.4055738673
64	0.403178421
65	0.4009220168
66	0.3991714763
67	0.3973601313
68	0.3952026133
69	0.3926511784
70	0.3908934318
71	0.3893305518
72	0.3878917213
73	0.3867506299
74	0.3852263722
75	0.3839603508
76	0.3822641719
77	0.3807270024
78	0.3789480844
79	0.3773706417
80	0.3758276142
81	0.3743066441
82	0.3731367112
83	0.3715367059
84	0.3699666579
85	0.3685930653
86	0.3672738673
87	0.3660355956
88	0.3648430038
89	0.3633608211
90	0.3620311617
91	0.3608156767
92	0.3593546611
93	0.3579958551
94	0.3569232482
95	0.3554699672
96	0.3540306354
97	0.3530401691
98	0.3519602227
99	0.3508476926
100	0.3496351717
101	0.3487311575
102	0.3475740328
103	0.3467314501
104	0.3455294024
105	0.3445955824
106	0.3436723692
107	0.3426208287
108	0.3414121826
109	0.3402239212
110	0.3393955685
111	0.3384982748
112	0.3375500704
113	0.3363782378
114	0.3351170453
115	0.3342437133
116	0.3334993161
117	0.3325939382
118	0.3316842599
119	0.330809187
120	0.3298621733
121	0.3288457539
122	0.3279875618
123	0.3271937104
124	0.326012854
125	0.3249455072
126	0.3238653668
127	0.3231407901
128	0.3223030466
129	0.3212922423
130	0.3206363341
131	0.3197519777
132	0.3186412746
133	0.3177503135
134	0.3169337046
135	0.3161525322
136	0.3152272743
137	0.314359208
138	0.313736582
139	0.3131196642
140	0.3121816226
141	0.3115775013
142	0.3107778671
143	0.3101490527
144	0.3096572782
145	0.3123502593
146	0.3116689169
147	0.3107312145
148	0.3101922282
149	0.3093089139
150	0.3085021641
151	0.3076907651
152	0.3070758049
153	0.3065363263
154	0.3058828305
155	0.3049615492
156	0.3043167461
157	0.3038279587
158	0.3031159177
159	0.3024909191
160	0.3018658126
161	0.3013284491
162	0.3008522887
163	0.3000842678
164	0.2994630708
165	0.2988097832
166	0.2981836784
167	0.2975068821
168	0.2967884245
169	0.2961035601
170	0.2954444656
171	0.2948996799
172	0.2942661951
173	0.2936253331
174	0.2931153581
175	0.2924187913
176	0.2918435557
177	0.291356733
178	0.2909175363
179	0.2903472802
180	0.2896908616
181	0.2891391493
182	0.2886062183	183	0.2881188184	0.284449301
185	0.2838118297
186	0.2832382663
187	0.2826222897
188	0.2819706392
189	0.2816405386
190	0.2812666584
191	0.2808045208
192	0.2803041225
193	0.2797186917
194	0.2792593264
195	0.2786793554
196	0.2782728951
197	0.2779078028
198	0.2774201309
199	0.2769031533
200	0.2763149109
201	0.2757855774
202	0.2754274766
203	0.2748956536
204	0.2742291421
205	0.2737990682
206	0.2733410943
207	0.2729283614
208	0.2723858869
209	0.2719568904
210	0.2715596967
211	0.2711864525
212	0.2707027463
213	0.2702238477
214	0.2696858566
215	0.2690807288
216	0.2686884282
217	0.2682872115
218	0.2678754101
219	0.2675996647
220	0.2671189029
221	0.2665301662
222	0.2662207877
223	0.2657970993
224	0.2654271933
225	0.2649481911
226	0.2645821723
227	0.2642883022
228	0.2639397621
229	0.2636430434
230	0.2632426298
231	0.2628165105
232	0.2622638834
233	0.2617707278
234	0.2614510817
235	0.260989313
236	0.2606367579
237	0.2599945966
238	0.259626163
239	0.2592541296
240	0.2587345644
241	0.2582915039
242	0.2578136391
243	0.2573214037
244	0.2569884721
245	0.2564776344
246	0.2560722225
247	0.255669821
248	0.2551155701
249	0.2547371992
250	0.2542678905
251	0.2538185216
252	0.2534207327
253	0.253057969
254	0.2526364547
255	0.2521481526
256	0.2518106597
257	0.2513442777
258	0.2509935216
259	0.2505875344
260	0.2501926883
261	0.2498461512
262	0.2494439301
263	0.2489781973
264	0.2486510332
265	0.2482253369
266	0.2477394574
267	0.2473951316
268	0.2470012725
269	0.2466396667
270	0.2462872105
271	0.2458620635
272	0.2455162359
273	0.2451691437
274	0.2447662951
275	0.2443610441
276	0.2440349842
277	0.2435098042
278	0.2430291417
279	0.2426147186
280	0.2422195118
281	0.2418477881
282	0.2415281448
283	0.2411073352
284	0.2408817219
285	0.2404612272
286	0.2401107114
287	0.2397902088
288	0.2394812644
289	0.2391833939
290	0.2388375603
291	0.2384820053
292	0.2381628921
293	0.2376194908
294	0.2371934763
295	0.2369117569
296	0.2364926584
297	0.2360282376
298	0.2357592649
299	0.2354256929
300	0.2350672319
301	0.2347185246
302	0.2344848325
303	0.2340534125
304	0.2336005838
305	0.2330623738
306	0.2326575422
307	0.2322260447
308	0.2318273763
309	0.231518499
310	0.2312087971
311	0.2309533388
312	0.2304675242
313	0.23015218314	0.2314984491
315	0.2311206351
316	0.2308105101
317317	0.22907954318	0.2302488506
319	0.229820321
320	320	0.2282812321	321	0.2278618322	322	0.2274431323	0.2284179876
324	324	0.2266814325	0.2276472242
326	326	0.2261256327	327	0.2257435328	328	0.2254032329	329	0.2249298330	0.2260017379
331	331	0.2243889332	332	0.2240500333	333	0.2238040334	0.2246678014
335	0.2243541671
336	0.2239345797
337	0.2236547099
338	0.2232685732
339	0.222907354
340	0.2226386948
341	0.2224303223
342	0.222104962
343	0.343	0.22060344	0.344	0.22030345	0.345	0.22001346	0.346	0.2196062619
347	0.2194348856
348	0.2189640573
349	0.2185939305
350	0.218260284
351	0.217914405
352	0.2176968197
353	0.2173672608
354	0.2170716098
355	0.2167745571
356	0.2165528199
357	0.2162935923
358	0.2159016043
359	0.2155097419
360	0.2150426845
361	0.2147264607
362	0.214433146
363	0.2140883814
364	0.2137290157
365	0.213398747
366	0.2131160824
367	0.2127896827
368	0.2125224473
369	0.2121637944
370	0.2118850653
371	0.2115487741
372	0.2114215903
373	0.2110848962
374	0.2108858872
375	0.2106376	0.2376	0.2105377	0.2377	0.210378	0.21378	0.20379	0.210379	0.20380	0.210380	0.20381	0.210381	0.20382	0.209382	0.20383	0.209383	0.20384	0.2093976511
385	0.209385	0.20386	0.20386	0.207387	0.20387	0.20388	0.208388	0.20389	0.208389	0.20390	0.207390	0.20391	0.207391	0.20392	0.20392	0.206393	0.20393	0.206394	0.20394	0.206395	0.20395	0.205396	0.20396	0.205397	0.20397	0.205398	0.2398	0.2049399	0.2399	0.2047400	0.2400	0.2044401	0.2401	0.204402	0.20402	0.203403	0.20403	0.203404	0.20404	0.20405	0.203405	0.20406	0.203406	0.20407	0.203407	0.20408	0.202408	0.20409	0.202409	0.20410	0.20410	0.202411	0.2021153011
412	0.20412	0.201413	0.20413	0.201414	0.2011475472
415	0.2008944886
416	0.2416	0.2003417	0.2417	0.2000418	0.2418	0.1998419	0.1419	0.1994420	0.1420	0.1991421	0.1421	0.1988422	0.1422	0.1985423	0.1423	0.1983424	0.1424	0.1981425	0.1425	0.1979426	0.1426	0.1977427	0.1427	0.197428	0.1978368132
429	0.1976095287
430	0.1973243017
431	0.1970969159
432	0.1967679399
433	0.1965877276
434	0.1962743481
435	0.1960460891
436	0.1957054128
437	0.1955714054
438	0.1954389329
439	0.19517374
440	0.1949388928
441	0.1946411026
442	0.1942935949
443	0.1941033737
444	0.1938865438
445	0.1935910958
446	0.1934364473
447	0.193205873
448	0.1929528884
449	0.192782556
450	0.1925316613
451	0.1922958167
452	0.1920578459
453	0.1918358201
454	0.1916797216
455	0.1914279733
456	0.1912198892
457	0.1910199
458	0.1908511281
459	0.1905059033
460	0.1902560391
461	0.1900450955
462	0.1898251653
463	0.1894922867
464	0.1892488603
465	0.1890475109
466	0.1888160814
467	0.1885336193
468	0.1882473821
469	0.1880008194
470	0.1877701869
471	0.1876539986
472	0.187347869
473	0.1870016636
474	0.1867621347
475	0.1864901063
476	0.186276646
477	0.18612905
478	0.1858604374
479	0.1855917034
480	0.1852823855
481	0.1850896622
482	0.1849444538
483	0.1848181755
484	0.18460813
485	0.1843905606
486	0.184211423
487	0.1840903
488	0.1838278317
489	0.1835785825
490	0.1833161555
491	0.1831288195
492	0.182936015
493	0.1827893085
494	0.1825252861
495	0.1822733794
496	0.1820490439
497	0.1817634209
498	0.1816118038
499	0.1814569222
500	0.1812472362
501	0.1810678056
502	0.18091728
503	0.1806755205
504	0.1804407695
505	0.1802449599
506	0.1800848223
507	0.1798835991
508	0.1795598157
509	0.1793975362
510	0.1791382767
511	0.1788841143
512	0.1786084344
513	0.1783687154
514	0.1780443749
515	0.1778395394
516	0.1776679651
517	0.1775528744
518	0.177252934
519	0.176931607
520	0.1766969298
521	0.1765035909
522	0.1763427573
523	0.1759449806
524	0.175802821
525	0.175626055
526	0.1753323774
527	0.1751423453
528	0.1749278982
529	0.1747713208
530	0.1745974925
531	0.1743502135
532	0.1740875502
533	0.1738511702
534	0.173636889
535	0.1733568746
536	0.1731156562
537	0.1729578544
538	0.1727853831
539	0.1725543335
540	0.1724182229
541	0.1722359817
542	0.1720746758
543	0.1719152578
544	0.1717186265
545	0.1715007208
546	0.171377568
547	0.1711556076
548	0.171008789
549	0.1707565573
550	0.1705351887
551	0.1702975026
552	0.1700304142
553	0.1698540723
554	0.1696462886
555	0.1694446391
556	0.1692246843
557	0.1690206027
558	0.1688367328
559	0.1685696606
560	0.168416983
561	0.1682020808
562	0.1680529384
563	0.1678045898
564	0.1675615972
565	0.1673689204
566	0.1671392865
567	0.166941427
568	0.1666966263
569	0.1665675604
570	0.1663903454
571	0.1661584287
572	0.1659565011
573	0.1657423079
574	0.1656136318
575	0.1654693604
576	0.1652399004
577	0.1650439328
578	0.1648375063
579	0.1646353655
580	0.164410366
581	0.164219618
582	0.1639566255
583	0.1638305164
584	0.1637164315
585	0.1635740099
586	0.1632962584
587	0.163087749
588	0.1628540223
589	0.1626177669
590	0.1624277584
591	0.1623071951
592	0.1620916593
593	0.1618143818
594	0.1615865434
595	0.1613400902
596	0.1611509773
597	0.1608973753
598	0.1607545412
599	0.1604987121
600	0.1603229843
601	0.1601191523
602	0.1599614099
603	0.1597890722
604	0.159613415
605	0.1594793373
606	0.1593520142
607	0.1592183149
608	0.1590110519
609	0.1588291892
610	0.1586786616
611	0.1584541508
612	0.1582271933
613	0.1579398338
614	0.1577690241
615	0.157613121
616	0.1574946066
617	0.1573776137
618	0.1571576851
619	0.1569294561
620	0.1567543829
621	0.1564853252
622	0.1563001785
623	0.1561114301
624	0.155926422
625	0.1557853185
626	0.1556233201
627	0.1554718557
628	0.1553742709
629	0.155057466
630	0.154959837
631	0.1548051776
632	0.1546016113
633	0.1543995213
634	0.1542528506
635	0.1540903448
636	0.1540116034
637	0.1538049864
638	0.1536021351
639	0.1534200869
640	0.153221017
641	0.1530710974
642	0.1529277348
643	0.1527886454
644	0.1524732546
645	0.1522825073
646	0.1521407845
647	0.1520128032
648	0.1517842298
649	0.1516798533
650	0.1515428417
651	0.1513607269
652	0.1511838062
653	0.1509537713
654	0.1508186912
655	0.1506924901
656	0.1505598908
657	0.1503565467
658	0.1501708954
659	0.1499751417
660	0.1497690496
661	0.1496169793
662	0.1494779644
663	0.1492819063
664	0.1491130232
665	0.1489502023
666	0.148898958
667	0.1488342492
668	0.1486870017
669	0.1485312744
670	0.1483248237
671	0.1481825427
672	0.1481245744
673	0.1480115219
674	0.1477422332
675	0.1476246961
676	0.1473618769
677	0.1471720752
678	0.1470695609
679	0.146935703
680	0.1468371215
681	0.1466677201
682	0.146526518
683	0.1463090004
684	0.1461278682
685	0.1459140151
686	0.1457752241
687	0.1455952473
688	0.1454346616
689	0.1452811788
690	0.145125668
691	0.1449395694
692	0.1447700315
693	0.1445620912
694	0.1444432379
695	0.1442867171
696	0.1441582402
697	0.1440255687
698	0.1439253864
699	0.1437773596
700	0.1435719119
701	0.1433723682
702	0.1432489345
703	0.1431374258
704	0.1429689331
705	0.1427853933
706	0.1426567963
707	0.1424677785
708	0.1422956263
709	0.1421132142
710	0.1419350395
711	0.1417605118
712	0.1416257057
713	0.1414766969
714	0.1413725172
715	0.1412016577
716	0.1410398954
717	0.1408896307
718	0.1407906025
719	0.1406552551
720	0.1405262816
721	0.140347919
722	0.1401192909
723	0.1399751665
724	0.1398042099
725	0.1396940023
726	0.1395577944
727	0.1393844103
728	0.1391951284
729	0.1390409323
730	0.1388810302
731	0.1386709527
732	0.1386027245
733	0.1384808344
734	0.1383921337
735	0.1382792278
736	0.1381345711
737	0.1380286884
738	0.1379254745
739	0.1378279178
740	0.1376222399
741	0.1373976057
742	0.1372284426
743	0.1370780561
744	0.1369355188
745	0.1368064982
746	0.1366417825
747	0.1364250214
748	0.1362861576
749	0.1361445555
750	0.1359586501
751	0.1357678261
752	0.1356743773
753	0.1355475241
754	0.1353814011
755	0.1351565815
756	0.135026669
757	0.1348667476
758	0.134712943
759	0.134551916
760	0.1343696747
761	0.1342112179
762	0.1340610963
763	0.1338556704
764	0.1336523556
765	0.1335358141
766	0.1333345066
767	0.1331966948
768	0.1330222888
769	0.1329460528
770	0.1327946941
771	0.1326212706
772	0.1325107217
773	0.1323565684
774	0.1321898696
775	0.1320564121
776	0.1318902114
777	0.1317409944
778	0.1316048518
779	0.1315234321
780	0.1313275096
781	0.1311728396
782	0.1310061228
783	0.1308597332
784	0.1306559901
785	0.1305136679
786	0.1303847872
787	0.1302580004
788	0.1301208806
789	0.13003461
790	0.1299234487
791	0.1297393311
792	0.1295453958
793	0.1294379162
794	0.1292861316
795	0.1291650745
796	0.1289995253
797	0.1288694999
798	0.1287446095
799	0.1286566722
800	0.1285540322
801	0.1284089492
802	0.1282572017
803	0.1280617223
804	0.1279594893
805	0.1277917185
806	0.1276706469
807	0.1275725097
808	0.1274804288
809	0.1273932031
810	0.1272673901
811	0.1272025911
812	0.1270263115
813	0.1268998251
814	0.1267657101
815	0.1266547032
816	0.1265509899
817	0.1264781533
818	0.1263120595
819	0.1262146524
820	0.1260162713
821	0.1259162609
822	0.125800808
823	0.1257182784
824	0.125605849
825	0.1255333437
826	0.1254279045
827	0.1253465836
828	0.1252892631
829	0.1251709785
830	0.1250463604
831	0.124917404
832	0.1248288118
833	0.1247595632
834	0.124627671
835	0.1245164581
836	0.1243853668
837	0.1242267321
838	0.1241325893
839	0.1239880164
840	0.1238620712
841	0.1236876582
842	0.1235677234
843	0.1234602214
844	0.1233436794
845	0.123198889
846	0.1230497107
847	0.1229971866
848	0.1228692189
849	0.122723106
850	0.1225959197
851	0.1224788541
852	0.1223548431
853	0.1222704048
854	0.1221558272
855	0.122029109
856	0.1218729012
857	0.1217569648
858	0.121639695
859	0.1215178859
860	0.1213717356
861	0.121236615
862	0.1211423684
863	0.121022217
864	0.1208818381
865	0.1207487052
866	0.1205992363
867	0.1204557392
868	0.1203037318
869	0.1201816341
870	0.12005980787871	0.11991658787872	0.11977930687873	0.119660255873	0.1207565566
874	0.12066575087875	0.1205802001
876	0.1204814298
877	0.1203932749
878	0.1202328981
879	0.1200846942
880	0.11998656888881	0.11982326888882	0.11968089488883	0.11959164088884	0.11944092388885	0.11937676088886	0.1192874048887	0.11920804578888	0.11916865728889	0.11904732638890	0.118911784
891	0.1170567979
892	0.1169074317
893	0.1167837426
894	0.1166770686
895	0.1166034394
896	0.1164882471
897	0.1163297853
898	0.1162585285
899	0.1161113582
900	0.1159683408
901	0.1158960577
902	0.1157851554
903	0.1157077307
904	0.1156304857
905	0.1155331042
906	0.1154164963
907	0.1153406855
908	0.1152661903
909	0.1151610806
910	0.1150518366
911	0.114894241
912	0.114788683
913	0.1146428172
914	0.1145378245
915	0.1144242034
916	0.1143149525
917	0.1142126809
918	0.1140797218
919	0.1140131842
920	0.1139235407
921	0.1138278487
922	0.1137141289
923	0.1135218653
924	0.1134036169
925	0.1133024096
926	0.1132387227
927	0.1131459662
928	0.1130317568
929	0.1129565826
930	0.1128540965
931	0.1127143564
932	0.1126459304
933	0.1125735073
934	0.1124346039
935	0.1123272419
936	0.1122318498
937	0.1121160183
938	0.1119992906
939	0.1118450983
940	0.1117186767
941	0.1115872854
942	0.1115035897
943	0.1114402144
944	0.1113398025
945	0.1112307579
946	0.1111321583
947	0.1110360777
948	0.1109364325
949	0.1108345704
950	0.1107243488
951	0.110608233
952	0.1105430184
953	0.1104325663
954	0.1102953441
955	0.1102156147
956	0.1100968846
957	0.1100031786
958	0.1099144461
959	0.109836946
960	0.1097230532
961	0.1095986054
962	0.109466736
963	0.1093460019
964	0.1092422239
965	0.1091485035
966	0.1090904935
96967	0.11081746696968	0.1107083741
969	0.1106014517
970	0.110514156
971	0.1104001793
972	0.1102951955
973	0.1101521308
974	0.1100504589
975	0.1099019631
976	0.1098053229
977	0.1097176752
978	0.1096649174
979	0.1095775703
980	0.1094154945
981	0.109352244
982	0.1092166092
983	0.1090699503
984	0.1089614706
985	0.1088409332
986	0.108759435
987	0.1086341422
988	0.1085550043
989	0.1084717857
990	0.1083886925
991	0.1082676072
992	0.1081626835
993	0.1080455133
994	0.1079048899
995	0.107820177
996	0.1077358807
997	0.1076633211
998	0.1075824294
999	0.1074826399
